{
  "iou_taping": 0.8471848764041863,
  "dice_taping": 0.9050103160414366,
  "iou_crack": 0.6127842466529486,
  "dice_crack": 0.7481334753722766,
  "iou_all": 0.659757388489587,
  "dice_all": 0.7795710961023966,
  "miou": 0.7299845615285674,
  "avg_latency_ms": 4.310537060515373,
  "throughput_fps": 231.98965371624453,
  "benchmark_ms_per_image": 9.704520090017468,
  "benchmark_fps": 103.04476581264927
}