{
  "iou_taping": 0.8039535490593107,
  "dice_taping": 0.8799830917084571,
  "iou_crack": 0.5998512420701626,
  "dice_crack": 0.737667575811334,
  "iou_all": 0.6407526958556402,
  "dice_all": 0.7661871531653026,
  "miou": 0.7019023955647367,
  "avg_latency_ms": 1.967965024415541,
  "throughput_fps": 508.1391120235922,
  "benchmark_ms_per_image": 7.7561202499964566,
  "benchmark_fps": 128.93044044803932
}